"id_municipio","nome_municipio","uf","ano","pib_mil_reais"
"3300100",Angra dos Reis,RJ,2015,7600989
"3300100",Angra dos Reis,RJ,2016,9294025
"3300100",Angra dos Reis,RJ,2017,10106295
"3300100",Angra dos Reis,RJ,2018,8942168
"3300100",Angra dos Reis,RJ,2019,9828660
"3300100",Angra dos Reis,RJ,2020,10397760
"3300100",Angra dos Reis,RJ,2021,11194157
"3300100",Angra dos Reis,RJ,2022,11032725
"3300100",Angra dos Reis,RJ,2023,11900498
"3300159",Aperibé,RJ,2015,156723
"3300159",Aperibé,RJ,2016,167714
"3300159",Aperibé,RJ,2017,171697
"3300159",Aperibé,RJ,2018,181569
"3300159",Aperibé,RJ,2019,208718
"3300159",Aperibé,RJ,2020,223026
"3300159",Aperibé,RJ,2021,249119
"3300159",Aperibé,RJ,2022,276295
"3300159",Aperibé,RJ,2023,301129
"3300209",Araruama,RJ,2015,2251793
"3300209",Araruama,RJ,2016,2476384
"3300209",Araruama,RJ,2017,2515123
"3300209",Araruama,RJ,2018,2676428
"3300209",Araruama,RJ,2019,3686098
"3300209",Araruama,RJ,2020,3529276
"3300209",Araruama,RJ,2021,4234217
"3300209",Araruama,RJ,2022,9387990
"3300209",Araruama,RJ,2023,13156181
"3300225",Areal,RJ,2015,294171
"3300225",Areal,RJ,2016,315905
"3300225",Areal,RJ,2017,325726
"3300225",Areal,RJ,2018,315392
"3300225",Areal,RJ,2019,354392
"3300225",Areal,RJ,2020,389827
"3300225",Areal,RJ,2021,427436
"3300225",Areal,RJ,2022,488446
"3300225",Areal,RJ,2023,597072
"3300233",Armação dos Búzios,RJ,2015,2282739
"3300233",Armação dos Búzios,RJ,2016,1472824
"3300233",Armação dos Búzios,RJ,2017,1713499
"3300233",Armação dos Búzios,RJ,2018,2361779
"3300233",Armação dos Búzios,RJ,2019,2628093
"3300233",Armação dos Búzios,RJ,2020,2053833
"3300233",Armação dos Búzios,RJ,2021,2970297
"3300233",Armação dos Búzios,RJ,2022,4138737
"3300233",Armação dos Búzios,RJ,2023,5019621
"3300258",Arraial do Cabo,RJ,2015,801489
"3300258",Arraial do Cabo,RJ,2016,664032
"3300258",Arraial do Cabo,RJ,2017,724388
"3300258",Arraial do Cabo,RJ,2018,1291857
"3300258",Arraial do Cabo,RJ,2019,2557039
"3300258",Arraial do Cabo,RJ,2020,1828909
"3300258",Arraial do Cabo,RJ,2021,2705450
"3300258",Arraial do Cabo,RJ,2022,7026277
"3300258",Arraial do Cabo,RJ,2023,9335374
"3300308",Barra do Piraí,RJ,2015,1951268
"3300308",Barra do Piraí,RJ,2016,1984592
"3300308",Barra do Piraí,RJ,2017,2014883
"3300308",Barra do Piraí,RJ,2018,2061848
"3300308",Barra do Piraí,RJ,2019,2115455
"3300308",Barra do Piraí,RJ,2020,2466252
"3300308",Barra do Piraí,RJ,2021,2713890
"3300308",Barra do Piraí,RJ,2022,3005432
"3300308",Barra do Piraí,RJ,2023,3225723
"3300407",Barra Mansa,RJ,2015,4962639
"3300407",Barra Mansa,RJ,2016,4792723
"3300407",Barra Mansa,RJ,2017,4884834
"3300407",Barra Mansa,RJ,2018,5565508
"3300407",Barra Mansa,RJ,2019,5486252
"3300407",Barra Mansa,RJ,2020,5906391
"3300407",Barra Mansa,RJ,2021,6449270
"3300407",Barra Mansa,RJ,2022,6513674
"3300407",Barra Mansa,RJ,2023,6831115
"3300456",Belford Roxo,RJ,2015,7386583
"3300456",Belford Roxo,RJ,2016,7941397
"3300456",Belford Roxo,RJ,2017,8189053
"3300456",Belford Roxo,RJ,2018,7956748
"3300456",Belford Roxo,RJ,2019,8061960
"3300456",Belford Roxo,RJ,2020,8763446
"3300456",Belford Roxo,RJ,2021,8839736
"3300456",Belford Roxo,RJ,2022,9579716
"3300456",Belford Roxo,RJ,2023,9686339
"3300506",Bom Jardim,RJ,2015,678454
"3300506",Bom Jardim,RJ,2016,678485
"3300506",Bom Jardim,RJ,2017,654387
"3300506",Bom Jardim,RJ,2018,676541
"3300506",Bom Jardim,RJ,2019,697899
"3300506",Bom Jardim,RJ,2020,867982
"3300506",Bom Jardim,RJ,2021,887295
"3300506",Bom Jardim,RJ,2022,890883
"3300506",Bom Jardim,RJ,2023,1018920
"3300605",Bom Jesus do Itabapoana,RJ,2015,668437
"3300605",Bom Jesus do Itabapoana,RJ,2016,710393
"3300605",Bom Jesus do Itabapoana,RJ,2017,728093
"3300605",Bom Jesus do Itabapoana,RJ,2018,761618
"3300605",Bom Jesus do Itabapoana,RJ,2019,729617
"3300605",Bom Jesus do Itabapoana,RJ,2020,869846
"3300605",Bom Jesus do Itabapoana,RJ,2021,908156
"3300605",Bom Jesus do Itabapoana,RJ,2022,1062573
"3300605",Bom Jesus do Itabapoana,RJ,2023,1207611
"3300704",Cabo Frio,RJ,2015,10639148
"3300704",Cabo Frio,RJ,2016,7207340
"3300704",Cabo Frio,RJ,2017,8600620
"3300704",Cabo Frio,RJ,2018,10972209
"3300704",Cabo Frio,RJ,2019,11521218
"3300704",Cabo Frio,RJ,2020,9328185
"3300704",Cabo Frio,RJ,2021,12359509
"3300704",Cabo Frio,RJ,2022,15453319
"3300704",Cabo Frio,RJ,2023,16964472
"3300803",Cachoeiras de Macacu,RJ,2015,990738
"3300803",Cachoeiras de Macacu,RJ,2016,1042235
"3300803",Cachoeiras de Macacu,RJ,2017,966055
"3300803",Cachoeiras de Macacu,RJ,2018,1033179
"3300803",Cachoeiras de Macacu,RJ,2019,1108135
"3300803",Cachoeiras de Macacu,RJ,2020,1214996
"3300803",Cachoeiras de Macacu,RJ,2021,1305498
"3300803",Cachoeiras de Macacu,RJ,2022,1567755
"3300803",Cachoeiras de Macacu,RJ,2023,1702402
"3300902",Cambuci,RJ,2015,285792
"3300902",Cambuci,RJ,2016,333998
"3300902",Cambuci,RJ,2017,317613
"3300902",Cambuci,RJ,2018,336837
"3300902",Cambuci,RJ,2019,353667
"3300902",Cambuci,RJ,2020,404958
"3300902",Cambuci,RJ,2021,399847
"3300902",Cambuci,RJ,2022,459442
"3300902",Cambuci,RJ,2023,479568
"3300936",Carapebus,RJ,2015,536423
"3300936",Carapebus,RJ,2016,302994
"3300936",Carapebus,RJ,2017,368299
"3300936",Carapebus,RJ,2018,521794
"3300936",Carapebus,RJ,2019,453285
"3300936",Carapebus,RJ,2020,439157
"3300936",Carapebus,RJ,2021,726756
"3300936",Carapebus,RJ,2022,1195363
"3300936",Carapebus,RJ,2023,1045633
"3300951",Comendador Levy Gasparian,RJ,2015,333015
"3300951",Comendador Levy Gasparian,RJ,2016,349233
"3300951",Comendador Levy Gasparian,RJ,2017,361375
"3300951",Comendador Levy Gasparian,RJ,2018,390892
"3300951",Comendador Levy Gasparian,RJ,2019,424146
"3300951",Comendador Levy Gasparian,RJ,2020,487477
"3300951",Comendador Levy Gasparian,RJ,2021,603969
"3300951",Comendador Levy Gasparian,RJ,2022,572680
"3300951",Comendador Levy Gasparian,RJ,2023,633562
"3301009",Campos dos Goytacazes,RJ,2015,34158330
"3301009",Campos dos Goytacazes,RJ,2016,17274332
"3301009",Campos dos Goytacazes,RJ,2017,21110490
"3301009",Campos dos Goytacazes,RJ,2018,32338283
"3301009",Campos dos Goytacazes,RJ,2019,29136988
"3301009",Campos dos Goytacazes,RJ,2020,23852870
"3301009",Campos dos Goytacazes,RJ,2021,37179716
"3301009",Campos dos Goytacazes,RJ,2022,49942074
"3301009",Campos dos Goytacazes,RJ,2023,42953469
"3301108",Cantagalo,RJ,2015,1030745
"3301108",Cantagalo,RJ,2016,865420
"3301108",Cantagalo,RJ,2017,681590
"3301108",Cantagalo,RJ,2018,765208
"3301108",Cantagalo,RJ,2019,730607
"3301108",Cantagalo,RJ,2020,755569
"3301108",Cantagalo,RJ,2021,841413
"3301108",Cantagalo,RJ,2022,915904
"3301108",Cantagalo,RJ,2023,1075296
"3301157",Cardoso Moreira,RJ,2015,309846
"3301157",Cardoso Moreira,RJ,2016,330961
"3301157",Cardoso Moreira,RJ,2017,320020
"3301157",Cardoso Moreira,RJ,2018,279271
"3301157",Cardoso Moreira,RJ,2019,294027
"3301157",Cardoso Moreira,RJ,2020,353586
"3301157",Cardoso Moreira,RJ,2021,395476
"3301157",Cardoso Moreira,RJ,2022,383126
"3301157",Cardoso Moreira,RJ,2023,393125
"3301207",Carmo,RJ,2015,393923
"3301207",Carmo,RJ,2016,466417
"3301207",Carmo,RJ,2017,416980
"3301207",Carmo,RJ,2018,456038
"3301207",Carmo,RJ,2019,470439
"3301207",Carmo,RJ,2020,581549
"3301207",Carmo,RJ,2021,561273
"3301207",Carmo,RJ,2022,620952
"3301207",Carmo,RJ,2023,671866
"3301306",Casimiro de Abreu,RJ,2015,1976829
"3301306",Casimiro de Abreu,RJ,2016,1140072
"3301306",Casimiro de Abreu,RJ,2017,1371161
"3301306",Casimiro de Abreu,RJ,2018,2187857
"3301306",Casimiro de Abreu,RJ,2019,2062389
"3301306",Casimiro de Abreu,RJ,2020,1582755
"3301306",Casimiro de Abreu,RJ,2021,2352145
"3301306",Casimiro de Abreu,RJ,2022,3142865
"3301306",Casimiro de Abreu,RJ,2023,3363239
"3301405",Conceição de Macabu,RJ,2015,303081
"3301405",Conceição de Macabu,RJ,2016,332183
"3301405",Conceição de Macabu,RJ,2017,321641
"3301405",Conceição de Macabu,RJ,2018,355204
"3301405",Conceição de Macabu,RJ,2019,376627
"3301405",Conceição de Macabu,RJ,2020,420666
"3301405",Conceição de Macabu,RJ,2021,434135
"3301405",Conceição de Macabu,RJ,2022,449935
"3301405",Conceição de Macabu,RJ,2023,504000
"3301504",Cordeiro,RJ,2015,342590
"3301504",Cordeiro,RJ,2016,345983
"3301504",Cordeiro,RJ,2017,463597
"3301504",Cordeiro,RJ,2018,508060
"3301504",Cordeiro,RJ,2019,398691
"3301504",Cordeiro,RJ,2020,414304
"3301504",Cordeiro,RJ,2021,456168
"3301504",Cordeiro,RJ,2022,477136
"3301504",Cordeiro,RJ,2023,530533
"3301603",Duas Barras,RJ,2015,202597
"3301603",Duas Barras,RJ,2016,233633
"3301603",Duas Barras,RJ,2017,194384
"3301603",Duas Barras,RJ,2018,210017
"3301603",Duas Barras,RJ,2019,214616
"3301603",Duas Barras,RJ,2020,239246
"3301603",Duas Barras,RJ,2021,249214
"3301603",Duas Barras,RJ,2022,274030
"3301603",Duas Barras,RJ,2023,285448
"3301702",Duque de Caxias,RJ,2015,35294440
"3301702",Duque de Caxias,RJ,2016,41539673
"3301702",Duque de Caxias,RJ,2017,40904756
"3301702",Duque de Caxias,RJ,2018,41581757
"3301702",Duque de Caxias,RJ,2019,45373762
"3301702",Duque de Caxias,RJ,2020,47194544
"3301702",Duque de Caxias,RJ,2021,53136504
"3301702",Duque de Caxias,RJ,2022,65861333
"3301702",Duque de Caxias,RJ,2023,70068007
"3301801",Engenheiro Paulo de Frontin,RJ,2015,248001
"3301801",Engenheiro Paulo de Frontin,RJ,2016,259200
"3301801",Engenheiro Paulo de Frontin,RJ,2017,248268
"3301801",Engenheiro Paulo de Frontin,RJ,2018,264305
"3301801",Engenheiro Paulo de Frontin,RJ,2019,251671
"3301801",Engenheiro Paulo de Frontin,RJ,2020,272054
"3301801",Engenheiro Paulo de Frontin,RJ,2021,406735
"3301801",Engenheiro Paulo de Frontin,RJ,2022,383264
"3301801",Engenheiro Paulo de Frontin,RJ,2023,320438
"3301850",Guapimirim,RJ,2015,824795
"3301850",Guapimirim,RJ,2016,888163
"3301850",Guapimirim,RJ,2017,921105
"3301850",Guapimirim,RJ,2018,983893
"3301850",Guapimirim,RJ,2019,1061591
"3301850",Guapimirim,RJ,2020,1174793
"3301850",Guapimirim,RJ,2021,1363992
"3301850",Guapimirim,RJ,2022,1450030
"3301850",Guapimirim,RJ,2023,1589983
"3301876",Iguaba Grande,RJ,2015,394993
"3301876",Iguaba Grande,RJ,2016,426113
"3301876",Iguaba Grande,RJ,2017,462238
"3301876",Iguaba Grande,RJ,2018,489370
"3301876",Iguaba Grande,RJ,2019,537136
"3301876",Iguaba Grande,RJ,2020,565912
"3301876",Iguaba Grande,RJ,2021,631393
"3301876",Iguaba Grande,RJ,2022,712149
"3301876",Iguaba Grande,RJ,2023,814661
"3301900",Itaboraí,RJ,2015,4312980
"3301900",Itaboraí,RJ,2016,4350443
"3301900",Itaboraí,RJ,2017,4186706
"3301900",Itaboraí,RJ,2018,4486979
"3301900",Itaboraí,RJ,2019,4933377
"3301900",Itaboraí,RJ,2020,5422086
"3301900",Itaboraí,RJ,2021,5640678
"3301900",Itaboraí,RJ,2022,5640941
"3301900",Itaboraí,RJ,2023,6278393
"3302007",Itaguaí,RJ,2015,7401614
"3302007",Itaguaí,RJ,2016,7861566
"3302007",Itaguaí,RJ,2017,7568805
"3302007",Itaguaí,RJ,2018,8061179
"3302007",Itaguaí,RJ,2019,7950438
"3302007",Itaguaí,RJ,2020,8839470
"3302007",Itaguaí,RJ,2021,10502682
"3302007",Itaguaí,RJ,2022,9092302
"3302007",Itaguaí,RJ,2023,11383962
"3302056",Italva,RJ,2015,323089
"3302056",Italva,RJ,2016,330552
"3302056",Italva,RJ,2017,327528
"3302056",Italva,RJ,2018,306436
"3302056",Italva,RJ,2019,331482
"3302056",Italva,RJ,2020,390584
"3302056",Italva,RJ,2021,418759
"3302056",Italva,RJ,2022,399061
"3302056",Italva,RJ,2023,431493
"3302106",Itaocara,RJ,2015,496245
"3302106",Itaocara,RJ,2016,502289
"3302106",Itaocara,RJ,2017,503244
"3302106",Itaocara,RJ,2018,542765
"3302106",Itaocara,RJ,2019,552491
"3302106",Itaocara,RJ,2020,632049
"3302106",Itaocara,RJ,2021,635888
"3302106",Itaocara,RJ,2022,685897
"3302106",Itaocara,RJ,2023,756489
"3302205",Itaperuna,RJ,2015,2374806
"3302205",Itaperuna,RJ,2016,2519720
"3302205",Itaperuna,RJ,2017,2705960
"3302205",Itaperuna,RJ,2018,2793922
"3302205",Itaperuna,RJ,2019,3103972
"3302205",Itaperuna,RJ,2020,3315705
"3302205",Itaperuna,RJ,2021,3394940
"3302205",Itaperuna,RJ,2022,3597510
"3302205",Itaperuna,RJ,2023,4067637
"3302254",Itatiaia,RJ,2015,3571717
"3302254",Itatiaia,RJ,2016,3604719
"3302254",Itatiaia,RJ,2017,4363453
"3302254",Itatiaia,RJ,2018,4981040
"3302254",Itatiaia,RJ,2019,4474511
"3302254",Itatiaia,RJ,2020,4586151
"3302254",Itatiaia,RJ,2021,6893408
"3302254",Itatiaia,RJ,2022,6268879
"3302254",Itatiaia,RJ,2023,6988685
"3302270",Japeri,RJ,2015,1323637
"3302270",Japeri,RJ,2016,1293084
"3302270",Japeri,RJ,2017,1615656
"3302270",Japeri,RJ,2018,1445448
"3302270",Japeri,RJ,2019,1437700
"3302270",Japeri,RJ,2020,1460760
"3302270",Japeri,RJ,2021,1530183
"3302270",Japeri,RJ,2022,1669777
"3302270",Japeri,RJ,2023,1874798
"3302304",Laje do Muriaé,RJ,2015,125892
"3302304",Laje do Muriaé,RJ,2016,132346
"3302304",Laje do Muriaé,RJ,2017,133935
"3302304",Laje do Muriaé,RJ,2018,137864
"3302304",Laje do Muriaé,RJ,2019,151483
"3302304",Laje do Muriaé,RJ,2020,166433
"3302304",Laje do Muriaé,RJ,2021,184160
"3302304",Laje do Muriaé,RJ,2022,191370
"3302304",Laje do Muriaé,RJ,2023,208603
"3302403",Macaé,RJ,2015,19671569
"3302403",Macaé,RJ,2016,17571148
"3302403",Macaé,RJ,2017,15378420
"3302403",Macaé,RJ,2018,15435162
"3302403",Macaé,RJ,2019,15102699
"3302403",Macaé,RJ,2020,15357697
"3302403",Macaé,RJ,2021,17746787
"3302403",Macaé,RJ,2022,19614198
"3302403",Macaé,RJ,2023,22394860
"3302452",Macuco,RJ,2015,133435
"3302452",Macuco,RJ,2016,153751
"3302452",Macuco,RJ,2017,160915
"3302452",Macuco,RJ,2018,153568
"3302452",Macuco,RJ,2019,169810
"3302452",Macuco,RJ,2020,198807
"3302452",Macuco,RJ,2021,214870
"3302452",Macuco,RJ,2022,277379
"3302452",Macuco,RJ,2023,282626
"3302502",Magé,RJ,2015,3573400
"3302502",Magé,RJ,2016,3684860
"3302502",Magé,RJ,2017,3856684
"3302502",Magé,RJ,2018,3902085
"3302502",Magé,RJ,2019,4256201
"3302502",Magé,RJ,2020,4442847
"3302502",Magé,RJ,2021,4765781
"3302502",Magé,RJ,2022,4780409
"3302502",Magé,RJ,2023,5301411
"3302601",Mangaratiba,RJ,2015,3699337
"3302601",Mangaratiba,RJ,2016,3852890
"3302601",Mangaratiba,RJ,2017,3601509
"3302601",Mangaratiba,RJ,2018,3596423
"3302601",Mangaratiba,RJ,2019,2473488
"3302601",Mangaratiba,RJ,2020,2643257
"3302601",Mangaratiba,RJ,2021,3211861
"3302601",Mangaratiba,RJ,2022,3079416
"3302601",Mangaratiba,RJ,2023,3443660
"3302700",Maricá,RJ,2015,9576205
"3302700",Maricá,RJ,2016,5854082
"3302700",Maricá,RJ,2017,11456251
"3302700",Maricá,RJ,2018,26982734
"3302700",Maricá,RJ,2019,37524886
"3302700",Maricá,RJ,2020,35618819
"3302700",Maricá,RJ,2021,85814188
"3302700",Maricá,RJ,2022,158394291
"3302700",Maricá,RJ,2023,134092034
"3302809",Mendes,RJ,2015,262980
"3302809",Mendes,RJ,2016,292162
"3302809",Mendes,RJ,2017,299499
"3302809",Mendes,RJ,2018,324100
"3302809",Mendes,RJ,2019,350314
"3302809",Mendes,RJ,2020,366145
"3302809",Mendes,RJ,2021,357688
"3302809",Mendes,RJ,2022,438826
"3302809",Mendes,RJ,2023,444764
"3302858",Mesquita,RJ,2015,2074804
"3302858",Mesquita,RJ,2016,2287035
"3302858",Mesquita,RJ,2017,2313400
"3302858",Mesquita,RJ,2018,2261961
"3302858",Mesquita,RJ,2019,2319747
"3302858",Mesquita,RJ,2020,2530494
"3302858",Mesquita,RJ,2021,2619212
"3302858",Mesquita,RJ,2022,2834791
"3302858",Mesquita,RJ,2023,3029007
"3302908",Miguel Pereira,RJ,2015,650016
"3302908",Miguel Pereira,RJ,2016,681750
"3302908",Miguel Pereira,RJ,2017,654041
"3302908",Miguel Pereira,RJ,2018,589782
"3302908",Miguel Pereira,RJ,2019,614767
"3302908",Miguel Pereira,RJ,2020,595210
"3302908",Miguel Pereira,RJ,2021,632498
"3302908",Miguel Pereira,RJ,2022,760561
"3302908",Miguel Pereira,RJ,2023,847198
"3303005",Miracema,RJ,2015,452755
"3303005",Miracema,RJ,2016,473871
"3303005",Miracema,RJ,2017,490113
"3303005",Miracema,RJ,2018,529860
"3303005",Miracema,RJ,2019,570590
"3303005",Miracema,RJ,2020,635748
"3303005",Miracema,RJ,2021,662180
"3303005",Miracema,RJ,2022,725936
"3303005",Miracema,RJ,2023,742077
"3303104",Natividade,RJ,2015,223271
"3303104",Natividade,RJ,2016,250928
"3303104",Natividade,RJ,2017,246256
"3303104",Natividade,RJ,2018,280723
"3303104",Natividade,RJ,2019,297785
"3303104",Natividade,RJ,2020,322586
"3303104",Natividade,RJ,2021,324261
"3303104",Natividade,RJ,2022,377914
"3303104",Natividade,RJ,2023,408436
"3303203",Nilópolis,RJ,2015,2515632
"3303203",Nilópolis,RJ,2016,2541272
"3303203",Nilópolis,RJ,2017,2644231
"3303203",Nilópolis,RJ,2018,2803408
"3303203",Nilópolis,RJ,2019,2911667
"3303203",Nilópolis,RJ,2020,2985431
"3303203",Nilópolis,RJ,2021,3059459
"3303203",Nilópolis,RJ,2022,3389447
"3303203",Nilópolis,RJ,2023,3339769
"3303302",Niterói,RJ,2015,25496901
"3303302",Niterói,RJ,2016,23019309
"3303302",Niterói,RJ,2017,27489576
"3303302",Niterói,RJ,2018,40376961
"3303302",Niterói,RJ,2019,46549869
"3303302",Niterói,RJ,2020,40975718
"3303302",Niterói,RJ,2021,66345488
"3303302",Niterói,RJ,2022,88716289
"3303302",Niterói,RJ,2023,76268005
"3303401",Nova Friburgo,RJ,2015,4478153
"3303401",Nova Friburgo,RJ,2016,4802421
"3303401",Nova Friburgo,RJ,2017,5015569
"3303401",Nova Friburgo,RJ,2018,5243798
"3303401",Nova Friburgo,RJ,2019,5359697
"3303401",Nova Friburgo,RJ,2020,5683088
"3303401",Nova Friburgo,RJ,2021,6324877
"3303401",Nova Friburgo,RJ,2022,6774950
"3303401",Nova Friburgo,RJ,2023,7367567
"3303500",Nova Iguaçu,RJ,2015,15888289
"3303500",Nova Iguaçu,RJ,2016,16068662
"3303500",Nova Iguaçu,RJ,2017,16836919
"3303500",Nova Iguaçu,RJ,2018,16869469
"3303500",Nova Iguaçu,RJ,2019,17423436
"3303500",Nova Iguaçu,RJ,2020,17210824
"3303500",Nova Iguaçu,RJ,2021,17794452
"3303500",Nova Iguaçu,RJ,2022,19911894
"3303500",Nova Iguaçu,RJ,2023,20518624
"3303609",Paracambi,RJ,2015,857688
"3303609",Paracambi,RJ,2016,959699
"3303609",Paracambi,RJ,2017,893120
"3303609",Paracambi,RJ,2018,976701
"3303609",Paracambi,RJ,2019,986925
"3303609",Paracambi,RJ,2020,1001272
"3303609",Paracambi,RJ,2021,1162875
"3303609",Paracambi,RJ,2022,1073592
"3303609",Paracambi,RJ,2023,1085489
"3303708",Paraíba do Sul,RJ,2015,863598
"3303708",Paraíba do Sul,RJ,2016,898724
"3303708",Paraíba do Sul,RJ,2017,931266
"3303708",Paraíba do Sul,RJ,2018,996588
"3303708",Paraíba do Sul,RJ,2019,1005739
"3303708",Paraíba do Sul,RJ,2020,1302214
"3303708",Paraíba do Sul,RJ,2021,1253017
"3303708",Paraíba do Sul,RJ,2022,1254488
"3303708",Paraíba do Sul,RJ,2023,1399157
"3303807",Paraty,RJ,2015,2222637
"3303807",Paraty,RJ,2016,1252001
"3303807",Paraty,RJ,2017,1591755
"3303807",Paraty,RJ,2018,2619607
"3303807",Paraty,RJ,2019,2760234
"3303807",Paraty,RJ,2020,1719490
"3303807",Paraty,RJ,2021,1955280
"3303807",Paraty,RJ,2022,4426137
"3303807",Paraty,RJ,2023,6324392
"3303856",Paty do Alferes,RJ,2015,484175
"3303856",Paty do Alferes,RJ,2016,497392
"3303856",Paty do Alferes,RJ,2017,534908
"3303856",Paty do Alferes,RJ,2018,545971
"3303856",Paty do Alferes,RJ,2019,557462
"3303856",Paty do Alferes,RJ,2020,639645
"3303856",Paty do Alferes,RJ,2021,684851
"3303856",Paty do Alferes,RJ,2022,793141
"3303856",Paty do Alferes,RJ,2023,862740
"3303906",Petrópolis,RJ,2015,11497016
"3303906",Petrópolis,RJ,2016,12693830
"3303906",Petrópolis,RJ,2017,12817939
"3303906",Petrópolis,RJ,2018,12761259
"3303906",Petrópolis,RJ,2019,13662993
"3303906",Petrópolis,RJ,2020,15388292
"3303906",Petrópolis,RJ,2021,15665370
"3303906",Petrópolis,RJ,2022,15951213
"3303906",Petrópolis,RJ,2023,19907335
"3303955",Pinheiral,RJ,2015,325219
"3303955",Pinheiral,RJ,2016,382103
"3303955",Pinheiral,RJ,2017,409247
"3303955",Pinheiral,RJ,2018,526633
"3303955",Pinheiral,RJ,2019,716240
"3303955",Pinheiral,RJ,2020,777071
"3303955",Pinheiral,RJ,2021,1452638
"3303955",Pinheiral,RJ,2022,1207568
"3303955",Pinheiral,RJ,2023,1187697
"3304003",Piraí,RJ,2015,1745385
"3304003",Piraí,RJ,2016,1981325
"3304003",Piraí,RJ,2017,1858360
"3304003",Piraí,RJ,2018,1886912
"3304003",Piraí,RJ,2019,2231565
"3304003",Piraí,RJ,2020,2612517
"3304003",Piraí,RJ,2021,2449973
"3304003",Piraí,RJ,2022,2885734
"3304003",Piraí,RJ,2023,3388747
"3304102",Porciúncula,RJ,2015,315757
"3304102",Porciúncula,RJ,2016,317558
"3304102",Porciúncula,RJ,2017,334102
"3304102",Porciúncula,RJ,2018,350147
"3304102",Porciúncula,RJ,2019,348627
"3304102",Porciúncula,RJ,2020,417428
"3304102",Porciúncula,RJ,2021,415943
"3304102",Porciúncula,RJ,2022,564478
"3304102",Porciúncula,RJ,2023,559253
"3304110",Porto Real,RJ,2015,2804597
"3304110",Porto Real,RJ,2016,2555768
"3304110",Porto Real,RJ,2017,2858922
"3304110",Porto Real,RJ,2018,2894247
"3304110",Porto Real,RJ,2019,2424736
"3304110",Porto Real,RJ,2020,2433344
"3304110",Porto Real,RJ,2021,4245725
"3304110",Porto Real,RJ,2022,3956993
"3304110",Porto Real,RJ,2023,3205582
"3304128",Quatis,RJ,2015,243645
"3304128",Quatis,RJ,2016,248237
"3304128",Quatis,RJ,2017,255484
"3304128",Quatis,RJ,2018,265051
"3304128",Quatis,RJ,2019,277991
"3304128",Quatis,RJ,2020,314017
"3304128",Quatis,RJ,2021,305010
"3304128",Quatis,RJ,2022,359212
"3304128",Quatis,RJ,2023,400781
"3304144",Queimados,RJ,2015,4900734
"3304144",Queimados,RJ,2016,4668405
"3304144",Queimados,RJ,2017,3704985
"3304144",Queimados,RJ,2018,3627917
"3304144",Queimados,RJ,2019,3877125
"3304144",Queimados,RJ,2020,3851232
"3304144",Queimados,RJ,2021,4361684
"3304144",Queimados,RJ,2022,4403902
"3304144",Queimados,RJ,2023,4938812
"3304151",Quissamã,RJ,2015,2412852
"3304151",Quissamã,RJ,2016,995115
"3304151",Quissamã,RJ,2017,1445640
"3304151",Quissamã,RJ,2018,2471196
"3304151",Quissamã,RJ,2019,3822545
"3304151",Quissamã,RJ,2020,3047661
"3304151",Quissamã,RJ,2021,5996886
"3304151",Quissamã,RJ,2022,8493476
"3304151",Quissamã,RJ,2023,5669644
"3304201",Resende,RJ,2015,6383742
"3304201",Resende,RJ,2016,6332463
"3304201",Resende,RJ,2017,7735583
"3304201",Resende,RJ,2018,8471496
"3304201",Resende,RJ,2019,8565370
"3304201",Resende,RJ,2020,8123187
"3304201",Resende,RJ,2021,10754357
"3304201",Resende,RJ,2022,11663534
"3304201",Resende,RJ,2023,12267696
"3304300",Rio Bonito,RJ,2015,1483972
"3304300",Rio Bonito,RJ,2016,1543308
"3304300",Rio Bonito,RJ,2017,1600886
"3304300",Rio Bonito,RJ,2018,1663589
"3304300",Rio Bonito,RJ,2019,1555794
"3304300",Rio Bonito,RJ,2020,1730819
"3304300",Rio Bonito,RJ,2021,1831391
"3304300",Rio Bonito,RJ,2022,1905833
"3304300",Rio Bonito,RJ,2023,2038466
"3304409",Rio Claro,RJ,2015,325951
"3304409",Rio Claro,RJ,2016,334235
"3304409",Rio Claro,RJ,2017,359021
"3304409",Rio Claro,RJ,2018,401562
"3304409",Rio Claro,RJ,2019,390420
"3304409",Rio Claro,RJ,2020,469707
"3304409",Rio Claro,RJ,2021,435959
"3304409",Rio Claro,RJ,2022,558687
"3304409",Rio Claro,RJ,2023,577431
"3304508",Rio das Flores,RJ,2015,182359
"3304508",Rio das Flores,RJ,2016,256668
"3304508",Rio das Flores,RJ,2017,243838
"3304508",Rio das Flores,RJ,2018,205351
"3304508",Rio das Flores,RJ,2019,218301
"3304508",Rio das Flores,RJ,2020,275517
"3304508",Rio das Flores,RJ,2021,294384
"3304508",Rio das Flores,RJ,2022,325931
"3304508",Rio das Flores,RJ,2023,338695
"3304524",Rio das Ostras,RJ,2015,8716421
"3304524",Rio das Ostras,RJ,2016,4888905
"3304524",Rio das Ostras,RJ,2017,5602589
"3304524",Rio das Ostras,RJ,2018,8591344
"3304524",Rio das Ostras,RJ,2019,7745325
"3304524",Rio das Ostras,RJ,2020,6342613
"3304524",Rio das Ostras,RJ,2021,8948996
"3304524",Rio das Ostras,RJ,2022,10916617
"3304524",Rio das Ostras,RJ,2023,10599898
"3304557",Rio de Janeiro,RJ,2015,320186615
"3304557",Rio de Janeiro,RJ,2016,328440481
"3304557",Rio de Janeiro,RJ,2017,337675255
"3304557",Rio de Janeiro,RJ,2018,363403233
"3304557",Rio de Janeiro,RJ,2019,354932611
"3304557",Rio de Janeiro,RJ,2020,331471515
"3304557",Rio de Janeiro,RJ,2021,359632648
"3304557",Rio de Janeiro,RJ,2022,380381515
"3304557",Rio de Janeiro,RJ,2023,418462360
"3304607",Santa Maria Madalena,RJ,2015,156610
"3304607",Santa Maria Madalena,RJ,2016,168832
"3304607",Santa Maria Madalena,RJ,2017,173484
"3304607",Santa Maria Madalena,RJ,2018,181395
"3304607",Santa Maria Madalena,RJ,2019,189002
"3304607",Santa Maria Madalena,RJ,2020,212259
"3304607",Santa Maria Madalena,RJ,2021,234575
"3304607",Santa Maria Madalena,RJ,2022,267049
"3304607",Santa Maria Madalena,RJ,2023,275098
"3304706",Santo Antônio de Pádua,RJ,2015,1031526
"3304706",Santo Antônio de Pádua,RJ,2016,1077169
"3304706",Santo Antônio de Pádua,RJ,2017,1049780
"3304706",Santo Antônio de Pádua,RJ,2018,1112973
"3304706",Santo Antônio de Pádua,RJ,2019,1158143
"3304706",Santo Antônio de Pádua,RJ,2020,1195427
"3304706",Santo Antônio de Pádua,RJ,2021,1284632
"3304706",Santo Antônio de Pádua,RJ,2022,1457559
"3304706",Santo Antônio de Pádua,RJ,2023,1686337
"3304755",São Francisco de Itabapoana,RJ,2015,910098
"3304755",São Francisco de Itabapoana,RJ,2016,956780
"3304755",São Francisco de Itabapoana,RJ,2017,939797
"3304755",São Francisco de Itabapoana,RJ,2018,1023335
"3304755",São Francisco de Itabapoana,RJ,2019,1013581
"3304755",São Francisco de Itabapoana,RJ,2020,1245619
"3304755",São Francisco de Itabapoana,RJ,2021,1184513
"3304755",São Francisco de Itabapoana,RJ,2022,1305146
"3304755",São Francisco de Itabapoana,RJ,2023,1481367
"3304805",São Fidélis,RJ,2015,716979
"3304805",São Fidélis,RJ,2016,729989
"3304805",São Fidélis,RJ,2017,669862
"3304805",São Fidélis,RJ,2018,695121
"3304805",São Fidélis,RJ,2019,751081
"3304805",São Fidélis,RJ,2020,800639
"3304805",São Fidélis,RJ,2021,845178
"3304805",São Fidélis,RJ,2022,921818
"3304805",São Fidélis,RJ,2023,985938
"3304904",São Gonçalo,RJ,2015,16639685
"3304904",São Gonçalo,RJ,2016,16903510
"3304904",São Gonçalo,RJ,2017,17228897
"3304904",São Gonçalo,RJ,2018,18554621
"3304904",São Gonçalo,RJ,2019,18368097
"3304904",São Gonçalo,RJ,2020,19009507
"3304904",São Gonçalo,RJ,2021,20324752
"3304904",São Gonçalo,RJ,2022,20561718
"3304904",São Gonçalo,RJ,2023,23063689
"3305000",São João da Barra,RJ,2015,7310408
"3305000",São João da Barra,RJ,2016,3890155
"3305000",São João da Barra,RJ,2017,4693340
"3305000",São João da Barra,RJ,2018,7204709
"3305000",São João da Barra,RJ,2019,7968880
"3305000",São João da Barra,RJ,2020,6463427
"3305000",São João da Barra,RJ,2021,9886849
"3305000",São João da Barra,RJ,2022,12793325
"3305000",São João da Barra,RJ,2023,13986152
"3305109",São João de Meriti,RJ,2015,9085882
"3305109",São João de Meriti,RJ,2016,9405814
"3305109",São João de Meriti,RJ,2017,9196061
"3305109",São João de Meriti,RJ,2018,9319208
"3305109",São João de Meriti,RJ,2019,9746519
"3305109",São João de Meriti,RJ,2020,9112402
"3305109",São João de Meriti,RJ,2021,8963716
"3305109",São João de Meriti,RJ,2022,10615039
"3305109",São João de Meriti,RJ,2023,11534047
"3305133",São José de Ubá,RJ,2015,178968
"3305133",São José de Ubá,RJ,2016,182164
"3305133",São José de Ubá,RJ,2017,159812
"3305133",São José de Ubá,RJ,2018,204869
"3305133",São José de Ubá,RJ,2019,179374
"3305133",São José de Ubá,RJ,2020,169063
"3305133",São José de Ubá,RJ,2021,196857
"3305133",São José de Ubá,RJ,2022,238089
"3305133",São José de Ubá,RJ,2023,232730
"3305158",São José do Vale do Rio Preto,RJ,2015,397748
"3305158",São José do Vale do Rio Preto,RJ,2016,452906
"3305158",São José do Vale do Rio Preto,RJ,2017,452015
"3305158",São José do Vale do Rio Preto,RJ,2018,532224
"3305158",São José do Vale do Rio Preto,RJ,2019,544438
"3305158",São José do Vale do Rio Preto,RJ,2020,700757
"3305158",São José do Vale do Rio Preto,RJ,2021,744334
"3305158",São José do Vale do Rio Preto,RJ,2022,914557
"3305158",São José do Vale do Rio Preto,RJ,2023,941645
"3305208",São Pedro da Aldeia,RJ,2015,1958302
"3305208",São Pedro da Aldeia,RJ,2016,2036820
"3305208",São Pedro da Aldeia,RJ,2017,2159191
"3305208",São Pedro da Aldeia,RJ,2018,2289650
"3305208",São Pedro da Aldeia,RJ,2019,2437962
"3305208",São Pedro da Aldeia,RJ,2020,2592106
"3305208",São Pedro da Aldeia,RJ,2021,2743637
"3305208",São Pedro da Aldeia,RJ,2022,2975703
"3305208",São Pedro da Aldeia,RJ,2023,3359011
"3305307",São Sebastião do Alto,RJ,2015,161638
"3305307",São Sebastião do Alto,RJ,2016,188592
"3305307",São Sebastião do Alto,RJ,2017,181138
"3305307",São Sebastião do Alto,RJ,2018,203376
"3305307",São Sebastião do Alto,RJ,2019,203161
"3305307",São Sebastião do Alto,RJ,2020,230672
"3305307",São Sebastião do Alto,RJ,2021,241281
"3305307",São Sebastião do Alto,RJ,2022,275485
"3305307",São Sebastião do Alto,RJ,2023,272845
"3305406",Sapucaia,RJ,2015,726387
"3305406",Sapucaia,RJ,2016,827312
"3305406",Sapucaia,RJ,2017,710790
"3305406",Sapucaia,RJ,2018,746394
"3305406",Sapucaia,RJ,2019,753960
"3305406",Sapucaia,RJ,2020,836397
"3305406",Sapucaia,RJ,2021,1000567
"3305406",Sapucaia,RJ,2022,1115045
"3305406",Sapucaia,RJ,2023,1227721
"3305505",Saquarema,RJ,2015,2065630
"3305505",Saquarema,RJ,2016,2188281
"3305505",Saquarema,RJ,2017,2093438
"3305505",Saquarema,RJ,2018,3104960
"3305505",Saquarema,RJ,2019,10711481
"3305505",Saquarema,RJ,2020,15156219
"3305505",Saquarema,RJ,2021,42178159
"3305505",Saquarema,RJ,2022,75409090
"3305505",Saquarema,RJ,2023,64701140
"3305554",Seropédica,RJ,2015,2294079
"3305554",Seropédica,RJ,2016,2214093
"3305554",Seropédica,RJ,2017,4212583
"3305554",Seropédica,RJ,2018,4486969
"3305554",Seropédica,RJ,2019,4159296
"3305554",Seropédica,RJ,2020,4629949
"3305554",Seropédica,RJ,2021,4777005
"3305554",Seropédica,RJ,2022,4240104
"3305554",Seropédica,RJ,2023,3760076
"3305604",Silva Jardim,RJ,2015,378595
"3305604",Silva Jardim,RJ,2016,403121
"3305604",Silva Jardim,RJ,2017,448748
"3305604",Silva Jardim,RJ,2018,465723
"3305604",Silva Jardim,RJ,2019,494821
"3305604",Silva Jardim,RJ,2020,559702
"3305604",Silva Jardim,RJ,2021,602627
"3305604",Silva Jardim,RJ,2022,646129
"3305604",Silva Jardim,RJ,2023,705912
"3305703",Sumidouro,RJ,2015,349439
"3305703",Sumidouro,RJ,2016,370863
"3305703",Sumidouro,RJ,2017,361782
"3305703",Sumidouro,RJ,2018,448029
"3305703",Sumidouro,RJ,2019,440265
"3305703",Sumidouro,RJ,2020,611065
"3305703",Sumidouro,RJ,2021,600250
"3305703",Sumidouro,RJ,2022,675215
"3305703",Sumidouro,RJ,2023,733841
"3305752",Tanguá,RJ,2015,556262
"3305752",Tanguá,RJ,2016,561761
"3305752",Tanguá,RJ,2017,515332
"3305752",Tanguá,RJ,2018,550442
"3305752",Tanguá,RJ,2019,579270
"3305752",Tanguá,RJ,2020,621334
"3305752",Tanguá,RJ,2021,694534
"3305752",Tanguá,RJ,2022,807845
"3305752",Tanguá,RJ,2023,858815
"3305802",Teresópolis,RJ,2015,5008884
"3305802",Teresópolis,RJ,2016,5239125
"3305802",Teresópolis,RJ,2017,5090374
"3305802",Teresópolis,RJ,2018,5165476
"3305802",Teresópolis,RJ,2019,5229226
"3305802",Teresópolis,RJ,2020,5757344
"3305802",Teresópolis,RJ,2021,5923899
"3305802",Teresópolis,RJ,2022,6247785
"3305802",Teresópolis,RJ,2023,7104546
"3305901",Trajano de Moraes,RJ,2015,175822
"3305901",Trajano de Moraes,RJ,2016,189257
"3305901",Trajano de Moraes,RJ,2017,180214
"3305901",Trajano de Moraes,RJ,2018,195808
"3305901",Trajano de Moraes,RJ,2019,206651
"3305901",Trajano de Moraes,RJ,2020,230684
"3305901",Trajano de Moraes,RJ,2021,242013
"3305901",Trajano de Moraes,RJ,2022,277260
"3305901",Trajano de Moraes,RJ,2023,290439
"3306008",Três Rios,RJ,2015,3582747
"3306008",Três Rios,RJ,2016,3638041
"3306008",Três Rios,RJ,2017,3716629
"3306008",Três Rios,RJ,2018,3988535
"3306008",Três Rios,RJ,2019,4365979
"3306008",Três Rios,RJ,2020,5399663
"3306008",Três Rios,RJ,2021,6348140
"3306008",Três Rios,RJ,2022,5499387
"3306008",Três Rios,RJ,2023,6017636
"3306107",Valença,RJ,2015,1902222
"3306107",Valença,RJ,2016,2010736
"3306107",Valença,RJ,2017,2200072
"3306107",Valença,RJ,2018,2576172
"3306107",Valença,RJ,2019,2051662
"3306107",Valença,RJ,2020,2245815
"3306107",Valença,RJ,2021,3122592
"3306107",Valença,RJ,2022,3044054
"3306107",Valença,RJ,2023,3104489
"3306156",Varre-Sai,RJ,2015,146666
"3306156",Varre-Sai,RJ,2016,156569
"3306156",Varre-Sai,RJ,2017,183085
"3306156",Varre-Sai,RJ,2018,187063
"3306156",Varre-Sai,RJ,2019,203016
"3306156",Varre-Sai,RJ,2020,250289
"3306156",Varre-Sai,RJ,2021,264149
"3306156",Varre-Sai,RJ,2022,399232
"3306156",Varre-Sai,RJ,2023,407915
"3306206",Vassouras,RJ,2015,911754
"3306206",Vassouras,RJ,2016,961892
"3306206",Vassouras,RJ,2017,918386
"3306206",Vassouras,RJ,2018,983905
"3306206",Vassouras,RJ,2019,1090969
"3306206",Vassouras,RJ,2020,1280257
"3306206",Vassouras,RJ,2021,1321254
"3306206",Vassouras,RJ,2022,1344715
"3306206",Vassouras,RJ,2023,1472880
"3306305",Volta Redonda,RJ,2015,10612960
"3306305",Volta Redonda,RJ,2016,10435923
"3306305",Volta Redonda,RJ,2017,11311118
"3306305",Volta Redonda,RJ,2018,13407989
"3306305",Volta Redonda,RJ,2019,11017493
"3306305",Volta Redonda,RJ,2020,11636497
"3306305",Volta Redonda,RJ,2021,19671203
"3306305",Volta Redonda,RJ,2022,15472607
"3306305",Volta Redonda,RJ,2023,15307615
